feature,coef
bmi,0.5383158903405935
hormone_level_abnormality,-0.18113621283250628
menstrual_irregularity,-0.4454320199692629
age,-0.5705325672491585
