,pcos_mean,endo_mean,difference,p_value,pcos_rate,endo_rate,chi2
age,30.124293785310734,33.564108850208385,-3.439815064897651,2.7927070576210682e-14,,,
bmi,25.48111758852941,23.429395990249482,2.0517215982799293,5.746455305712554e-09,,,
menstrual_irregularity,,,-0.21346070475343593,3.8227887565186873e-10,0.536723163841808,0.7501838685952439,39.201334404265566
hormone_level_abnormality,,,-0.09736794356653833,0.007403413088632827,0.6045197740112994,0.7018877175778377,7.172388700705859
